train_acc,train_loss,val_acc,val_loss
0.71447,0.93581873,0.8390506329113924,0.47480705
0.84325,0.45346278,0.8558227848101265,0.4073214
