train_acc,train_loss,val_acc,val_loss
0.7065899999999999,0.9871321,0.8277215189873418,0.5318053
